time,elapsed_s,step_elapsed_s,cycle,step_index,setpoint_C,temperature_C,error_C,in_band,peltier_duty,peltier_direction
2026-09-14T08:45:52,0.0,0.0,1,0,21.0,27.500,-6.500,0,70.0,cool
2026-09-14T08:45:57,5.0,5.0,1,0,21.0,25.625,-4.625,0,56.3,cool
2026-09-14T08:46:02,10.0,10.0,1,0,21.0,25.625,-4.625,0,56.7,cool
2026-09-14T08:46:07,15.0,15.0,1,0,21.0,25.562,-4.562,0,56.3,cool
2026-09-14T08:46:12,20.0,20.0,1,0,21.0,25.500,-4.500,0,55.9,cool
2026-09-14T08:46:17,25.0,25.0,1,0,21.0,25.437,-4.437,0,55.4,cool
2026-09-14T08:46:22,30.0,30.0,1,0,21.0,25.375,-4.375,0,55.0,cool
2026-09-14T08:46:27,35.0,35.0,1,0,21.0,25.312,-4.312,0,54.6,cool
2026-09-14T08:46:32,40.0,40.0,1,0,21.0,25.250,-4.250,0,54.2,cool
2026-09-14T08:46:37,45.0,45.0,1,0,21.0,25.187,-4.187,0,53.7,cool
2026-09-14T08:46:42,50.0,50.0,1,0,21.0,25.062,-4.062,0,52.5,cool
2026-09-14T08:46:47,55.0,55.0,1,0,21.0,25.000,-4.000,0,52.1,cool
2026-09-14T08:46:52,60.0,60.0,1,0,21.0,24.937,-3.937,0,51.6,cool
2026-09-14T08:46:57,65.0,65.0,1,0,21.0,24.875,-3.875,0,51.2,cool
2026-09-14T08:47:02,70.0,70.0,1,0,21.0,24.875,-3.875,0,51.5,cool
2026-09-14T08:47:07,75.0,75.0,1,0,21.0,24.812,-3.812,0,51.0,cool
2026-09-14T08:47:12,80.0,80.0,1,0,21.0,24.750,-3.750,0,50.5,cool
2026-09-14T08:47:17,85.0,85.0,1,0,21.0,24.750,-3.750,0,50.8,cool
2026-09-14T08:47:22,90.0,90.0,1,0,21.0,24.687,-3.687,0,50.3,cool
2026-09-14T08:47:27,95.0,95.0,1,0,21.0,24.625,-3.625,0,49.9,cool
2026-09-14T08:47:32,100.0,100.0,1,0,21.0,24.625,-3.625,0,50.1,cool
2026-09-14T08:47:37,105.0,105.0,1,0,21.0,24.625,-3.625,0,50.4,cool
2026-09-14T08:47:42,110.0,110.0,1,0,21.0,24.625,-3.625,0,50.7,cool
2026-09-14T08:47:47,115.0,115.0,1,0,21.0,24.625,-3.625,0,50.9,cool
2026-09-14T08:47:52,120.0,120.0,1,0,21.0,24.625,-3.625,0,51.2,cool
2026-09-14T08:47:57,125.0,125.0,1,0,21.0,24.625,-3.625,0,51.5,cool
2026-09-14T08:48:02,130.0,130.0,1,0,21.0,24.625,-3.625,0,51.8,cool
2026-09-14T08:48:07,135.0,135.0,1,0,21.0,24.625,-3.625,0,52.0,cool
2026-09-14T08:48:12,140.0,140.0,1,0,21.0,24.625,-3.625,0,52.3,cool
2026-09-14T08:48:17,145.0,145.0,1,0,21.0,24.625,-3.625,0,52.6,cool
2026-09-14T08:48:22,150.0,150.0,1,0,21.0,24.625,-3.625,0,52.8,cool
2026-09-14T08:48:27,155.0,155.0,1,0,21.0,24.687,-3.687,0,53.9,cool
2026-09-14T08:48:32,160.0,160.0,1,0,21.0,24.687,-3.687,0,54.1,cool
2026-09-14T08:48:37,165.0,165.0,1,0,21.0,24.687,-3.687,0,54.4,cool
2026-09-14T08:48:42,170.0,170.0,1,0,21.0,24.750,-3.750,0,55.5,cool
2026-09-14T08:48:47,175.0,175.0,1,0,21.0,24.750,-3.750,0,55.7,cool
2026-09-14T08:48:52,180.0,180.0,1,0,21.0,24.750,-3.750,0,56.0,cool
2026-09-14T08:48:57,185.0,185.0,1,0,21.0,24.750,-3.750,0,56.3,cool
2026-09-14T08:49:02,190.0,190.0,1,0,21.0,24.812,-3.812,0,57.3,cool
2026-09-14T08:49:07,195.0,195.0,1,0,21.0,24.812,-3.812,0,57.6,cool
2026-09-14T08:49:12,200.0,200.0,1,0,21.0,24.875,-3.875,0,58.7,cool
2026-09-14T08:49:17,205.0,205.0,1,0,21.0,24.812,-3.812,0,58.2,cool
2026-09-14T08:49:22,210.0,210.0,1,0,21.0,24.875,-3.875,0,59.2,cool
2026-09-14T08:49:27,215.0,215.0,1,0,21.0,24.875,-3.875,0,59.5,cool
2026-09-14T08:49:32,220.0,220.0,1,0,21.0,24.937,-3.937,0,60.6,cool
2026-09-14T08:49:37,225.0,225.0,1,0,21.0,24.937,-3.937,0,60.9,cool
2026-09-14T08:49:42,230.0,230.0,1,0,21.0,24.937,-3.937,0,61.2,cool
2026-09-14T08:49:47,235.0,235.0,1,0,21.0,24.937,-3.937,0,61.5,cool
2026-09-14T08:49:52,240.0,240.0,1,0,21.0,25.000,-4.000,0,62.5,cool
2026-09-14T08:49:57,245.0,245.0,1,0,21.0,25.000,-4.000,0,62.8,cool
2026-09-14T08:50:02,250.0,250.0,1,0,21.0,25.000,-4.000,0,63.1,cool
2026-09-14T08:50:07,255.0,255.0,1,0,21.0,25.062,-4.062,0,64.2,cool
2026-09-14T08:50:12,260.0,260.0,1,0,21.0,25.062,-4.062,0,64.5,cool
2026-09-14T08:50:17,265.0,265.0,1,0,21.0,25.062,-4.062,0,64.8,cool
2026-09-14T08:50:22,270.0,270.0,1,0,21.0,25.062,-4.062,0,65.1,cool
2026-09-14T08:50:27,275.0,275.0,1,0,21.0,25.125,-4.125,0,66.1,cool
2026-09-14T08:50:32,280.0,280.0,1,0,21.0,25.125,-4.125,0,66.4,cool
2026-09-14T08:50:37,285.0,285.0,1,0,21.0,25.125,-4.125,0,66.8,cool
2026-09-14T08:50:42,290.0,290.0,1,0,21.0,25.125,-4.125,0,67.1,cool
2026-09-14T08:50:47,295.0,295.0,1,0,21.0,25.187,-4.187,0,68.1,cool
2026-09-14T08:50:52,300.0,300.0,1,0,21.0,25.187,-4.187,0,68.4,cool
2026-09-14T08:50:57,305.0,305.0,1,0,21.0,25.250,-4.250,0,69.5,cool
2026-09-14T08:51:02,310.0,310.0,1,0,21.0,25.250,-4.250,0,69.8,cool
2026-09-14T08:51:07,315.0,315.0,1,0,21.0,25.250,-4.250,0,70.0,cool
2026-09-14T08:51:12,320.0,320.0,1,0,21.0,25.250,-4.250,0,70.0,cool
2026-09-14T08:51:17,325.0,325.0,1,0,21.0,25.250,-4.250,0,70.0,cool
2026-09-14T08:51:22,330.0,330.0,1,0,21.0,25.312,-4.312,0,70.0,cool
2026-09-14T08:51:27,335.0,335.0,1,0,21.0,25.312,-4.312,0,70.0,cool
2026-09-14T08:51:32,340.0,340.0,1,0,21.0,25.312,-4.312,0,70.0,cool
2026-09-14T08:51:37,345.0,345.0,1,0,21.0,25.375,-4.375,0,70.0,cool
2026-09-14T08:51:42,350.0,350.0,1,0,21.0,25.375,-4.375,0,70.0,cool
2026-09-14T08:51:47,355.0,355.0,1,0,21.0,25.375,-4.375,0,70.0,cool
2026-09-14T08:51:52,360.0,360.0,1,0,21.0,25.375,-4.375,0,70.0,cool
2026-09-14T08:51:57,365.0,365.0,1,0,21.0,25.375,-4.375,0,70.0,cool
2026-09-14T08:52:02,370.0,370.0,1,0,21.0,25.437,-4.437,0,70.0,cool
2026-09-14T08:52:07,375.0,375.0,1,0,21.0,25.437,-4.437,0,70.0,cool
2026-09-14T08:52:12,380.0,380.0,1,0,21.0,25.437,-4.437,0,70.0,cool
2026-09-14T08:52:17,385.0,385.0,1,0,21.0,25.500,-4.500,0,70.0,cool
2026-09-14T08:52:22,390.0,390.0,1,0,21.0,25.500,-4.500,0,70.0,cool
2026-09-14T08:52:27,395.0,395.0,1,0,21.0,25.562,-4.562,0,70.0,cool
2026-09-14T08:52:32,400.0,400.0,1,0,21.0,25.562,-4.562,0,70.0,cool
2026-09-14T08:52:37,405.0,405.0,1,0,21.0,25.625,-4.625,0,70.0,cool
2026-09-14T08:52:42,410.0,410.0,1,0,21.0,25.625,-4.625,0,70.0,cool
2026-09-14T08:52:47,415.0,415.0,1,0,21.0,25.625,-4.625,0,70.0,cool
2026-09-14T08:52:52,420.0,420.0,1,0,21.0,25.625,-4.625,0,70.0,cool
2026-09-14T08:52:57,425.0,425.0,1,0,21.0,25.687,-4.687,0,70.0,cool
2026-09-14T08:53:02,430.0,430.0,1,0,21.0,25.687,-4.687,0,70.0,cool
2026-09-14T08:53:07,435.0,435.0,1,0,21.0,25.750,-4.750,0,70.0,cool
2026-09-14T08:53:12,440.0,440.0,1,0,21.0,25.812,-4.812,0,70.0,cool
2026-09-14T08:53:17,445.0,445.0,1,0,21.0,25.812,-4.812,0,70.0,cool
2026-09-14T08:53:22,450.0,450.0,1,0,21.0,25.812,-4.812,0,70.0,cool
2026-09-14T08:53:27,455.0,455.0,1,0,21.0,25.875,-4.875,0,70.0,cool
2026-09-14T08:53:32,460.0,460.0,1,0,21.0,25.875,-4.875,0,70.0,cool
2026-09-14T08:53:37,465.0,465.0,1,0,21.0,25.937,-4.937,0,70.0,cool
2026-09-14T08:53:42,470.0,470.0,1,0,21.0,25.937,-4.937,0,70.0,cool
2026-09-14T08:53:47,475.0,475.0,1,0,21.0,26.000,-5.000,0,70.0,cool
2026-09-14T08:53:52,480.0,480.0,1,0,21.0,26.000,-5.000,0,70.0,cool
2026-09-14T08:53:57,485.0,485.0,1,0,21.0,26.000,-5.000,0,70.0,cool
2026-09-14T08:54:02,490.0,490.0,1,0,21.0,26.062,-5.062,0,70.0,cool
2026-09-14T08:54:07,495.0,495.0,1,0,21.0,26.125,-5.125,0,70.0,cool
2026-09-14T08:54:12,500.0,500.0,1,0,21.0,26.125,-5.125,0,70.0,cool
2026-09-14T08:54:17,505.0,505.0,1,0,21.0,26.187,-5.187,0,70.0,cool
2026-09-14T08:54:22,510.0,510.0,1,0,21.0,26.187,-5.187,0,70.0,cool
2026-09-14T08:54:27,515.0,515.0,1,0,21.0,26.250,-5.250,0,70.0,cool
2026-09-14T08:54:32,520.0,520.0,1,0,21.0,26.250,-5.250,0,70.0,cool
2026-09-14T08:54:37,525.0,525.0,1,0,21.0,26.312,-5.312,0,70.0,cool
2026-09-14T08:54:42,530.0,530.0,1,0,21.0,26.312,-5.312,0,70.0,cool
2026-09-14T08:54:47,535.0,535.0,1,0,21.0,26.375,-5.375,0,70.0,cool
2026-09-14T08:54:52,540.0,540.0,1,0,21.0,26.375,-5.375,0,70.0,cool
2026-09-14T08:54:57,545.0,545.0,1,0,21.0,26.437,-5.437,0,70.0,cool
2026-09-14T08:55:02,550.0,550.0,1,0,21.0,26.500,-5.500,0,70.0,cool
2026-09-14T08:55:07,555.0,555.0,1,0,21.0,26.500,-5.500,0,70.0,cool
2026-09-14T08:55:12,560.0,560.0,1,0,21.0,26.562,-5.562,0,70.0,cool
2026-09-14T08:55:17,565.0,565.0,1,0,21.0,26.562,-5.562,0,70.0,cool
2026-09-14T08:55:22,570.0,570.0,1,0,21.0,26.625,-5.625,0,70.0,cool
2026-09-14T08:55:27,575.0,575.0,1,0,21.0,26.687,-5.687,0,70.0,cool
2026-09-14T08:55:32,580.0,580.0,1,0,21.0,26.687,-5.687,0,70.0,cool
2026-09-14T08:55:37,585.0,585.0,1,0,21.0,26.687,-5.687,0,70.0,cool
2026-09-14T08:55:42,590.0,590.0,1,0,21.0,26.750,-5.750,0,70.0,cool
2026-09-14T08:55:47,595.0,595.0,1,0,21.0,26.812,-5.812,0,70.0,cool
2026-09-14T08:55:52,600.0,600.0,1,0,21.0,26.812,-5.812,0,70.0,cool
2026-09-14T08:55:57,605.0,605.0,1,0,21.0,26.875,-5.875,0,70.0,cool
2026-09-14T08:56:02,610.0,610.0,1,0,21.0,26.875,-5.875,0,70.0,cool
2026-09-14T08:56:07,615.0,615.0,1,0,21.0,26.937,-5.937,0,70.0,cool
2026-09-14T08:56:12,620.0,620.0,1,0,21.0,26.937,-5.937,0,70.0,cool
2026-09-14T08:56:17,625.0,625.0,1,0,21.0,27.000,-6.000,0,70.0,cool
2026-09-14T08:56:22,630.0,630.0,1,0,21.0,27.062,-6.062,0,70.0,cool
2026-09-14T08:56:27,635.0,635.0,1,0,21.0,27.062,-6.062,0,70.0,cool
2026-09-14T08:56:32,640.0,640.0,1,0,21.0,27.125,-6.125,0,70.0,cool
2026-09-14T08:56:37,645.0,645.0,1,0,21.0,27.125,-6.125,0,70.0,cool
2026-09-14T08:56:42,650.0,650.0,1,0,21.0,27.187,-6.187,0,70.0,cool
2026-09-14T08:56:47,655.0,655.0,1,0,21.0,27.187,-6.187,0,70.0,cool
2026-09-14T08:56:52,660.0,660.0,1,0,21.0,27.250,-6.250,0,70.0,cool
2026-09-14T08:56:57,665.0,665.0,1,0,21.0,27.312,-6.312,0,70.0,cool
2026-09-14T08:57:02,670.0,670.0,1,0,21.0,27.312,-6.312,0,70.0,cool
2026-09-14T08:57:07,675.0,675.0,1,0,21.0,27.375,-6.375,0,70.0,cool
2026-09-14T08:57:12,680.0,680.0,1,0,21.0,27.375,-6.375,0,70.0,cool
2026-09-14T08:57:17,685.0,685.0,1,0,21.0,27.437,-6.437,0,70.0,cool
2026-09-14T08:57:22,690.0,690.0,1,0,21.0,27.437,-6.437,0,70.0,cool
2026-09-14T08:57:27,695.0,695.0,1,0,21.0,27.500,-6.500,0,70.0,cool
2026-09-14T08:57:32,700.0,700.0,1,0,21.0,27.562,-6.562,0,70.0,cool
2026-09-14T08:57:37,705.0,705.0,1,0,21.0,27.562,-6.562,0,70.0,cool
2026-09-14T08:57:42,710.0,710.0,1,0,21.0,27.562,-6.562,0,70.0,cool
2026-09-14T08:57:47,715.0,715.0,1,0,21.0,27.625,-6.625,0,70.0,cool
2026-09-14T08:57:52,720.0,720.0,1,0,21.0,27.687,-6.687,0,70.0,cool
2026-09-14T08:57:57,725.0,725.0,1,0,21.0,27.687,-6.687,0,70.0,cool
2026-09-14T08:58:02,730.0,730.0,1,0,21.0,27.750,-6.750,0,70.0,cool
2026-09-14T08:58:07,735.0,735.0,1,0,21.0,27.750,-6.750,0,70.0,cool
2026-09-14T08:58:12,740.0,740.0,1,0,21.0,27.812,-6.812,0,70.0,cool
2026-09-14T08:58:17,745.0,745.0,1,0,21.0,27.875,-6.875,0,70.0,cool
2026-09-14T08:58:22,750.0,750.0,1,0,21.0,27.875,-6.875,0,70.0,cool
2026-09-14T08:58:27,755.0,755.0,1,0,21.0,27.937,-6.937,0,70.0,cool
2026-09-14T08:58:32,760.0,760.0,1,0,21.0,27.937,-6.937,0,70.0,cool
2026-09-14T08:58:37,765.0,765.0,1,0,21.0,28.000,-7.000,0,70.0,cool
2026-09-14T08:58:42,770.0,770.0,1,0,21.0,28.000,-7.000,0,70.0,cool
2026-09-14T08:58:47,775.0,775.0,1,0,21.0,28.062,-7.062,0,70.0,cool
2026-09-14T08:58:52,780.0,780.0,1,0,21.0,28.125,-7.125,0,70.0,cool
2026-09-14T08:58:57,785.0,785.0,1,0,21.0,28.125,-7.125,0,70.0,cool
2026-09-14T08:59:02,790.0,790.0,1,0,21.0,28.187,-7.187,0,70.0,cool
2026-09-14T08:59:07,795.0,795.0,1,0,21.0,28.187,-7.187,0,70.0,cool
2026-09-14T08:59:12,800.0,800.0,1,0,21.0,28.250,-7.250,0,70.0,cool
2026-09-14T08:59:17,805.0,805.0,1,0,21.0,28.250,-7.250,0,70.0,cool
2026-09-14T08:59:22,810.0,810.0,1,0,21.0,28.312,-7.312,0,70.0,cool
2026-09-14T08:59:27,815.0,815.0,1,0,21.0,28.375,-7.375,0,70.0,cool
2026-09-14T08:59:32,820.0,820.0,1,0,21.0,28.375,-7.375,0,70.0,cool
2026-09-14T08:59:37,825.0,825.0,1,0,21.0,28.437,-7.437,0,70.0,cool
2026-09-14T08:59:42,830.0,830.0,1,0,21.0,28.437,-7.437,0,70.0,cool
2026-09-14T08:59:47,835.0,835.0,1,0,21.0,28.500,-7.500,0,70.0,cool
2026-09-14T08:59:52,840.0,840.0,1,0,21.0,28.500,-7.500,0,70.0,cool
2026-09-14T08:59:57,845.0,845.0,1,0,21.0,28.562,-7.562,0,70.0,cool
2026-09-14T09:00:02,850.0,850.0,1,0,21.0,28.562,-7.562,0,70.0,cool
2026-09-14T09:00:07,855.0,855.0,1,0,21.0,28.625,-7.625,0,70.0,cool
2026-09-14T09:00:12,860.0,860.0,1,0,21.0,28.625,-7.625,0,70.0,cool
2026-09-14T09:00:17,865.0,865.0,1,0,21.0,28.687,-7.687,0,70.0,cool
2026-09-14T09:00:22,870.0,870.0,1,0,21.0,28.687,-7.687,0,70.0,cool
2026-09-14T09:00:27,875.0,875.0,1,0,21.0,28.750,-7.750,0,70.0,cool
2026-09-14T09:00:32,880.0,880.0,1,0,21.0,28.750,-7.750,0,70.0,cool
2026-09-14T09:00:37,885.0,885.0,1,0,21.0,28.812,-7.812,0,70.0,cool
2026-09-14T09:00:42,890.0,890.0,1,0,21.0,28.875,-7.875,0,70.0,cool
2026-09-14T09:00:47,895.0,895.0,1,0,21.0,28.875,-7.875,0,70.0,cool
2026-09-14T09:00:52,900.0,900.0,1,0,21.0,28.937,-7.937,0,70.0,cool
2026-09-14T09:00:57,905.0,905.0,1,0,21.0,28.937,-7.937,0,70.0,cool
2026-09-14T09:01:02,910.0,910.0,1,0,21.0,29.000,-8.000,0,70.0,cool
2026-09-14T09:01:07,915.0,915.0,1,0,21.0,29.000,-8.000,0,70.0,cool
2026-09-14T09:01:12,920.0,920.0,1,0,21.0,29.062,-8.062,0,70.0,cool
2026-09-14T09:01:17,925.0,925.0,1,0,21.0,29.062,-8.062,0,70.0,cool
2026-09-14T09:01:22,930.0,930.0,1,0,21.0,29.125,-8.125,0,70.0,cool
2026-09-14T09:01:27,935.0,935.0,1,0,21.0,29.187,-8.187,0,70.0,cool
2026-09-14T09:01:32,940.0,940.0,1,0,21.0,29.187,-8.187,0,70.0,cool
2026-09-14T09:01:37,945.0,945.0,1,0,21.0,29.187,-8.187,0,70.0,cool
2026-09-14T09:01:42,950.0,950.0,1,0,21.0,29.250,-8.250,0,70.0,cool
2026-09-14T09:01:47,955.0,955.0,1,0,21.0,29.312,-8.312,0,70.0,cool
2026-09-14T09:01:52,960.0,960.0,1,0,21.0,29.312,-8.312,0,70.0,cool
2026-09-14T09:01:57,965.0,965.0,1,0,21.0,29.375,-8.375,0,70.0,cool
2026-09-14T09:02:02,970.0,970.0,1,0,21.0,29.375,-8.375,0,70.0,cool
2026-09-14T09:02:07,975.0,975.0,1,0,21.0,29.437,-8.437,0,70.0,cool
2026-09-14T09:02:12,980.0,980.0,1,0,21.0,29.437,-8.437,0,70.0,cool
2026-09-14T09:02:17,985.0,985.0,1,0,21.0,29.500,-8.500,0,70.0,cool
2026-09-14T09:02:22,990.0,990.0,1,0,21.0,29.562,-8.562,0,70.0,cool
2026-09-14T09:02:27,995.0,995.0,1,0,21.0,29.562,-8.562,0,70.0,cool
2026-09-14T09:02:32,1000.0,1000.0,1,0,21.0,29.562,-8.562,0,70.0,cool
2026-09-14T09:02:37,1005.0,1005.0,1,0,21.0,29.625,-8.625,0,70.0,cool
2026-09-14T09:02:42,1010.0,1010.0,1,0,21.0,29.625,-8.625,0,70.0,cool
2026-09-14T09:02:47,1015.0,1015.0,1,0,21.0,29.687,-8.687,0,70.0,cool
2026-09-14T09:02:52,1020.0,1020.0,1,0,21.0,29.687,-8.687,0,70.0,cool
2026-09-14T09:02:57,1025.0,1025.0,1,0,21.0,29.750,-8.750,0,70.0,cool
2026-09-14T09:03:02,1030.0,1030.0,1,0,21.0,29.812,-8.812,0,70.0,cool
2026-09-14T09:03:07,1035.0,1035.0,1,0,21.0,29.812,-8.812,0,70.0,cool
2026-09-14T09:03:12,1040.0,1040.0,1,0,21.0,29.875,-8.875,0,70.0,cool
2026-09-14T09:03:17,1045.0,1045.0,1,0,21.0,29.875,-8.875,0,70.0,cool
2026-09-14T09:03:22,1050.0,1050.0,1,0,21.0,29.875,-8.875,0,70.0,cool
2026-09-14T09:03:27,1055.0,1055.0,1,0,21.0,29.937,-8.937,0,70.0,cool
2026-09-14T09:03:32,1060.0,1060.0,1,0,21.0,30.000,-9.000,0,70.0,cool
2026-09-14T09:03:37,1065.0,1065.0,1,0,21.0,30.000,-9.000,0,70.0,cool
2026-09-14T09:03:42,1070.0,1070.0,1,0,21.0,30.062,-9.062,0,70.0,cool
2026-09-14T09:03:47,1075.0,1075.0,1,0,21.0,30.062,-9.062,0,70.0,cool
2026-09-14T09:03:52,1080.0,1080.0,1,0,21.0,30.062,-9.062,0,70.0,cool
2026-09-14T09:03:57,1085.0,1085.0,1,0,21.0,30.125,-9.125,0,70.0,cool
2026-09-14T09:04:02,1090.0,1090.0,1,0,21.0,30.187,-9.187,0,70.0,cool
2026-09-14T09:04:07,1095.0,1095.0,1,0,21.0,30.187,-9.187,0,70.0,cool
2026-09-14T09:04:12,1100.0,1100.0,1,0,21.0,30.187,-9.187,0,70.0,cool
2026-09-14T09:04:17,1105.0,1105.0,1,0,21.0,30.250,-9.250,0,70.0,cool
2026-09-14T09:04:22,1110.0,1110.0,1,0,21.0,30.312,-9.312,0,70.0,cool
2026-09-14T09:04:27,1115.0,1115.0,1,0,21.0,30.312,-9.312,0,70.0,cool
2026-09-14T09:04:32,1120.0,1120.0,1,0,21.0,30.375,-9.375,0,70.0,cool
2026-09-14T09:04:37,1125.0,1125.0,1,0,21.0,30.375,-9.375,0,70.0,cool
2026-09-14T09:04:42,1130.0,1130.0,1,0,21.0,30.437,-9.437,0,70.0,cool
2026-09-14T09:04:47,1135.0,1135.0,1,0,21.0,30.437,-9.437,0,70.0,cool
2026-09-14T09:04:52,1140.0,1140.0,1,0,21.0,30.500,-9.500,0,70.0,cool
2026-09-14T09:04:57,1145.0,1145.0,1,0,21.0,30.500,-9.500,0,70.0,cool
2026-09-14T09:05:02,1150.0,1150.0,1,0,21.0,30.562,-9.562,0,70.0,cool
2026-09-14T09:05:07,1155.0,1155.0,1,0,21.0,30.562,-9.562,0,70.0,cool
2026-09-14T09:05:12,1160.0,1160.0,1,0,21.0,30.625,-9.625,0,70.0,cool
2026-09-14T09:05:17,1165.0,1165.0,1,0,21.0,30.625,-9.625,0,70.0,cool
2026-09-14T09:05:22,1170.0,1170.0,1,0,21.0,30.687,-9.687,0,70.0,cool
2026-09-14T09:05:27,1175.0,1175.0,1,0,21.0,30.687,-9.687,0,70.0,cool
2026-09-14T09:05:32,1180.0,1180.0,1,0,21.0,30.750,-9.750,0,70.0,cool
2026-09-14T09:05:37,1185.0,1185.0,1,0,21.0,30.750,-9.750,0,70.0,cool
2026-09-14T09:05:42,1190.0,1190.0,1,0,21.0,30.812,-9.812,0,70.0,cool
2026-09-14T09:05:47,1195.0,1195.0,1,0,21.0,30.812,-9.812,0,70.0,cool
2026-09-14T09:05:52,1200.0,0.0,1,1,23.0,30.875,-7.875,0,70.0,cool
2026-09-14T09:05:57,1205.0,5.0,1,1,23.0,30.875,-7.875,0,70.0,cool
2026-09-14T09:06:02,1210.0,10.0,1,1,23.0,30.937,-7.937,0,70.0,cool
2026-09-14T09:06:07,1215.0,15.0,1,1,23.0,30.937,-7.937,0,70.0,cool
2026-09-14T09:06:12,1220.0,20.0,1,1,23.0,30.937,-7.937,0,70.0,cool
