time,elapsed_s,cycle,step_index,setpoint_C,temperature_C,error_C,peltier_duty,peltier_direction
2026-09-14T08:30:09,0.0,1,0,21.0,25.187,-4.187,50.6,cool
2026-09-14T08:30:14,5.0,1,0,21.0,25.187,-4.187,50.9,cool
2026-09-14T08:30:19,10.0,1,0,21.0,25.187,-4.187,51.2,cool
2026-09-14T08:30:24,15.0,1,0,21.0,25.250,-4.250,52.3,cool
2026-09-14T08:30:29,20.0,1,0,21.0,25.250,-4.250,52.6,cool
2026-09-14T08:30:34,25.0,1,0,21.0,25.250,-4.250,52.9,cool
2026-09-14T08:30:39,30.0,1,0,21.0,25.312,-4.312,54.0,cool
2026-09-14T08:30:44,35.0,1,0,21.0,25.312,-4.312,54.3,cool
2026-09-14T08:30:49,40.0,1,0,21.0,25.375,-4.375,55.4,cool
2026-09-14T08:30:54,45.0,1,0,21.0,25.375,-4.375,55.7,cool
2026-09-14T08:30:59,50.0,1,0,21.0,25.375,-4.375,56.0,cool
2026-09-14T08:31:04,55.0,1,0,21.0,25.437,-4.437,57.1,cool
2026-09-14T08:31:09,60.0,1,0,21.0,25.437,-4.437,57.4,cool
2026-09-14T08:31:14,65.0,1,0,21.0,25.437,-4.437,57.8,cool
2026-09-14T08:31:19,70.0,1,0,21.0,25.437,-4.437,58.1,cool
2026-09-14T08:31:24,75.0,1,0,21.0,25.500,-4.500,59.2,cool
2026-09-14T08:31:29,80.0,1,0,21.0,25.500,-4.500,59.5,cool
2026-09-14T08:31:34,85.0,1,0,21.0,25.500,-4.500,59.9,cool
2026-09-14T08:31:39,90.0,1,0,21.0,25.562,-4.562,61.0,cool
2026-09-14T08:31:44,95.0,1,0,21.0,25.562,-4.562,61.3,cool
2026-09-14T08:31:49,100.0,1,0,21.0,25.562,-4.562,61.6,cool
2026-09-14T08:31:54,105.0,1,0,21.0,25.562,-4.562,62.0,cool
2026-09-14T08:31:59,110.0,1,0,21.0,25.625,-4.625,63.1,cool
2026-09-14T08:32:04,115.0,1,0,21.0,25.625,-4.625,63.4,cool
2026-09-14T08:32:09,120.0,1,1,23.0,25.625,-2.625,31.7,cool
2026-09-14T08:32:14,125.0,1,1,23.0,25.625,-2.625,31.9,cool
2026-09-14T08:32:19,130.0,1,1,23.0,25.687,-2.687,32.8,cool
2026-09-14T08:32:24,135.0,1,1,23.0,25.687,-2.687,33.0,cool
2026-09-14T08:32:29,140.0,1,1,23.0,25.687,-2.687,33.2,cool
2026-09-14T08:32:34,145.0,1,1,23.0,25.750,-2.750,34.2,cool
2026-09-14T08:32:39,150.0,1,1,23.0,25.812,-2.812,35.2,cool
2026-09-14T08:32:44,155.0,1,1,23.0,25.812,-2.812,35.4,cool
2026-09-14T08:32:49,160.0,1,1,23.0,25.937,-2.937,37.1,cool
2026-09-14T08:32:54,165.0,1,1,23.0,25.937,-2.937,37.3,cool
2026-09-14T08:32:59,170.0,1,1,23.0,26.000,-3.000,38.3,cool
2026-09-14T08:33:04,175.0,1,1,23.0,26.062,-3.062,39.3,cool
2026-09-14T08:33:09,180.0,1,1,23.0,26.125,-3.125,40.3,cool
2026-09-14T08:33:14,185.0,1,1,23.0,26.187,-3.187,41.2,cool
2026-09-14T08:33:19,190.0,1,1,23.0,26.250,-3.250,42.2,cool
2026-09-14T08:33:24,195.0,1,1,23.0,26.312,-3.312,43.2,cool
2026-09-14T08:33:29,200.0,1,1,23.0,26.375,-3.375,44.2,cool
2026-09-14T08:33:34,205.0,1,1,23.0,26.437,-3.437,45.2,cool
2026-09-14T08:33:39,210.0,1,1,23.0,26.500,-3.500,46.3,cool
2026-09-14T08:33:44,215.0,1,1,23.0,26.500,-3.500,46.5,cool
2026-09-14T08:33:49,220.0,1,1,23.0,26.562,-3.562,47.5,cool
2026-09-14T08:33:54,225.0,1,1,23.0,26.625,-3.625,48.6,cool
2026-09-14T08:33:59,230.0,1,1,23.0,26.625,-3.625,48.8,cool
2026-09-14T08:34:04,235.0,1,1,23.0,26.625,-3.625,49.1,cool
2026-09-14T08:34:09,240.0,1,2,25.0,26.687,-1.687,20.4,cool
2026-09-14T08:34:14,245.0,1,2,25.0,26.687,-1.687,20.5,cool
2026-09-14T08:34:19,250.0,1,2,25.0,26.750,-1.750,21.4,cool
2026-09-14T08:34:24,255.0,1,2,25.0,26.812,-1.812,22.3,cool
2026-09-14T08:34:29,260.0,1,2,25.0,26.812,-1.812,22.4,cool
2026-09-14T08:34:34,265.0,1,2,25.0,26.875,-1.875,23.3,cool
2026-09-14T08:34:39,270.0,1,2,25.0,26.875,-1.875,23.4,cool
2026-09-14T08:34:44,275.0,1,2,25.0,26.937,-1.937,24.3,cool
2026-09-14T08:34:49,280.0,1,2,25.0,27.000,-2.000,25.2,cool
2026-09-14T08:34:54,285.0,1,2,25.0,27.062,-2.062,26.1,cool
2026-09-14T08:34:59,290.0,1,2,25.0,27.125,-2.125,27.0,cool
2026-09-14T08:35:04,295.0,1,2,25.0,27.187,-2.187,28.0,cool
2026-09-14T08:35:09,300.0,1,2,25.0,27.250,-2.250,28.9,cool
2026-09-14T08:35:14,305.0,1,2,25.0,27.250,-2.250,29.0,cool
2026-09-14T08:35:19,310.0,1,2,25.0,27.312,-2.312,30.0,cool
2026-09-14T08:35:24,315.0,1,2,25.0,27.375,-2.375,30.9,cool
2026-09-14T08:35:29,320.0,1,2,25.0,27.375,-2.375,31.1,cool
2026-09-14T08:35:34,325.0,1,2,25.0,27.437,-2.437,32.0,cool
2026-09-14T08:35:39,330.0,1,2,25.0,27.437,-2.437,32.2,cool
2026-09-14T08:35:44,335.0,1,2,25.0,27.500,-2.500,33.1,cool
